subscribers;video views;uploads;Country;Category;video_views_for_the_last_30_days;highest_monthly_earnings;Pay well
245000000;228000000000;20082;India;Music;2258000000;9000000;1
166000000;28368841870;741;United States;Entertainment;1348000000;5400000;1
162000000;164000000000;966;United States;Education;1975000000;7900000;1
159000000;148000000000;116536;India;Entertainment;1824000000;7300000;1
112000000;93247040539;1111;United States;Entertainment;731674000;2900000;1
111000000;29058044447;4716;Japan;Entertainment;39184000;156700;0
106000000;90479060027;493;Russia;People;48947000;195800;0
98900000;77180169894;574;United States;Entertainment;580574000;2300000;1
96700000;57856289381;8548;India;Music;803613000;3200000;1
96000000;77428473662;70127;United States;Sports;714614000;2900000;1
89800000;32144597566;543;South Korea;Music;498930000;2000000;1
86900000;24118230580;1;India;Music;18;0;0
83000000;101000000000;71270;India;Entertainment;1657000000;6600000;1
80100000;26236790209;1;United Kingdom;Entertainment;1;0;0
75600000;20826993957;2281;South Korea;Music;168290000;673200;1
71600000;30608119724;249;Canada;Music;176326000;705300;1
71300000;28634566938;1337;South Korea;Music;598173000;2400000;1
70500000;73139054467;129204;India;Entertainment;1707000000;6800000;1
68200000;38843229963;2865;United States;Education;473387000;1900000;1
66500000;36775585925;2572;Brazil;Music;447223000;0;0
65900000;45757850229;633;India;Education;420292000;1700000;1
65600000;28648024439;8502;India;Music;254961000;1000000;1
64600000;61510906457;112915;India;Entertainment;1188000000;4800000;1
61000000;29533230328;13;India;Music;10;0;0
59500000;16241549158;389;United States;Sports;141200000;564800;0
59500000;59316472754;39113;United States;Film;114668000;458700;0
59300000;33431802698;4741;India;Music;422634000;1700000;1
58400000;57271630846;1510;Argentina;Music;611828000;2400000;1
58000000;40602020243;19487;India;Music;232025000;928100;1
57600000;25307753534;283775;India;News;461148000;1800000;1
57200000;28837144516;3882;India;Music;259310000;1000000;1
56900000;27073872856;156;United States;Music;260193000;1000000;1
56400000;14696003229;436;United States;Music;112100000;448400;0
54600000;35302243691;3707;India;Music;512093000;2000000;1
54000000;32312431239;11;India;Entertainment;159;1;0
53500000;30367676736;383;United Kingdom;Music;202720000;810900;1
53300000;30516172739;577;India;Education;815949000;3300000;1
52900000;29884657286;216;United States;Music;528392000;2100000;1
52700000;24004842608;147;United States;Music;160216000;640900;1
52200000;9877365274;847;United States;Education;266747000;1100000;1
48100000;14631710289;2052;Chile;Games;66388000;265600;0
47900000;13626331061;65;United States;Music;146862000;587400;0
47500000;30788679536;3322;Russia;Film;306540000;1200000;1
47400000;22519705183;11451;India;Entertainment;232744000;931000;1
46800000;19398045702;1;nan;Music;440;2;0
46600000;27286058807;3444;United States;Music;314505000;1300000;1
46300000;22936630813;1;Cuba;People;94;0;0
46100000;30686342319;1;Global;Sports;1;0;0
46100000;10323391593;543;El Salvador;Games;33842000;135400;0
45500000;21388725229;4660;India;Entertainment;233988000;936000;1
45200000;16602198273;4331;Brazil;Entertainment;130359000;521400;0
44700000;7828610828;1558;Brazil;Entertainment;48032000;192100;0
44600000;41139050371;100755;Pakistan;Entertainment;1337000000;5300000;1
44500000;10708531817;0;Global;Entertainment;0;0;0
44200000;25458952022;128;United States;Music;134242000;537000;0
44200000;4274709210;558;Brazil;Comedy;26683000;106700;0
44200000;50292540392;193890;Philippines;Entertainment;176629000;706500;1
43700000;12884264778;8;Thailand;Film;22;0;0
43600000;4831311245;6;nan;People;4;0;0
43500000;27568757295;326;Colombia;Howto;353412000;1400000;1
43200000;36458726976;1478;Russia;Education;303780000;1200000;1
43200000;37939780685;109871;Pakistan;Entertainment;1149000000;4600000;1
42500000;26820902622;10938;India;Music;159757000;639000;1
42400000;24519022988;1218;United States;Film;670459000;2700000;1
42400000;19547696190;618;United States;Entertainment;53202000;212800;0
41900000;22477745835;84;Barbados;Music;182926000;731700;1
41400000;17608931161;4510;India;Music;180942000;723800;1
41300000;5603111948;291;Mexico;People;136745000;547000;0
40900000;39450824833;2423;United States;Education;98775000;395100;0
40600000;8670473639;0;Mexico;Comedy;0;0;0
40400000;7410536668;703;nan;Entertainment;5773000;23100;0
40300000;47005053156;4;nan;People;5;0;0
39700000;23884824160;1596;United Arab Emirates;People;247731000;990900;1
39400000;22302547082;1;nan;Games;2;0;0
39200000;3294013141;186;India;Comedy;78688000;314800;0
39200000;10507474316;133;United States;Music;58362000;233400;0
39200000;44900897958;744;Canada;Education;560756000;2200000;1
39100000;16118181673;1876;Spain;Games;264108000;1100000;1
39000000;36131228583;72580;Thailand;Entertainment;130461000;521800;0
38900000;25154232306;3043;Brazil;Music;1635000000;6500000;1
38600000;7339333120;200933;United States;Nonprofit;45638000;182600;0
38400000;21528116909;982;Saudi Arabia;Games;1589000;6400;0
38300000;16718192386;3532;India;Music;814756000;3300000;1
38200000;13598903820;11;United States;Music;6348;25;0
38200000;22756581750;15672;United States;Entertainment;21804000;87200;0
38200000;28519339489;24089;India;Entertainment;415914000;1700000;1
38000000;22731415608;505;United States;Music;205594000;822400;1
37900000;23510152352;515;United States;Entertainment;244093000;976400;1
37600000;18208196857;743;United States;Entertainment;321026000;1300000;1
37500000;27262462114;117152;Thailand;Entertainment;140754000;563000;0
37200000;16402066717;220;India;Comedy;49861000;199400;0
37000000;13102611515;301308;India;News;267060000;1100000;1
37000000;24188861917;744;Brazil;Entertainment;251449000;1000000;1
36700000;19378155425;99;United States;Music;175243000;701000;1
36600000;22553923546;171;United States;Music;152825000;611300;1
36600000;15653786446;9168;India;Entertainment;131462000;0;0
36500000;18961241905;5621;nan;Film;318702000;1300000;1
36300000;3010784935;744;United States;Entertainment;21103000;84400;0
36200000;23355801606;196;nan;Music;169242000;677000;1
36100000;6331332547;5;nan;Comedy;32;0;0
35700000;27118354077;654;Argentina;Music;302071000;1200000;1
35500000;15657673422;7566;India;Music;533793000;2100000;1
35500000;16105023749;273255;India;News;290847000;1200000;1
35400000;22637783517;2010;India;Music;331474000;1300000;1
35400000;5556364230;1;nan;Autos;53;0;0
35200000;20297931219;5490;United States;Games;127329000;509300;0
35200000;55299840198;2453;United States;Entertainment;238613000;954500;1
34900000;25607397308;617;United States;Film;335307000;1300000;1
34600000;21306315429;0;Global;News;0;0;0
34400000;9690499664;1;nan;Games;86;0;0
34300000;12746535822;679;India;Music;101357000;405400;0
34100000;23005313609;141;Colombia;Music;128696000;514800;0
34000000;3963007415;2284;Indonesia;Entertainment;547141000;2200000;1
34000000;11351015824;240;India;Film;179903000;719600;1
33800000;15432929204;7606;Spain;Games;39094000;156400;0
33800000;27274550757;66;Brazil;Film;403508000;1600000;1
33700000;23492684419;3366;United States;Entertainment;210955000;843800;1
33700000;10189027455;2;Global;Music;0;0;0
33600000;13013567335;188;United States;Music;115792000;463200;0
33500000;14864294792;3741;India;Entertainment;272255000;1100000;1
33500000;29611914495;96214;Thailand;Entertainment;61307000;0;0
33500000;11405809704;217;India;Comedy;24736000;98900;0
33400000;10530729078;1331;United Kingdom;Music;55654000;222600;0
33400000;20269857567;338;India;Education;136084000;544300;0
33300000;5994136760;2736;Indonesia;Entertainment;157101000;628400;1
32800000;26355088167;2122;United States;Education;127498000;510000;0
32700000;17853798780;1521;India;Entertainment;20263000;81100;0
32700000;19180039918;2738;Turkey;Games;1463000000;5900000;1
32700000;28516250629;2068;United States;Music;329861000;1300000;1
32600000;23379969006;169;Canada;Music;373828000;1500000;1
32200000;16613441479;2;Global;Entertainment;1;0;0
32100000;18699145555;134;Colombia;Music;465647000;1900000;1
32100000;10602236110;3091;United Kingdom;Comedy;56534000;226100;0
32100000;13061739758;11882;Brazil;Entertainment;44505000;178000;0
32000000;26800674545;44892;India;Entertainment;1667000000;6700000;1
31900000;27330239663;4158;nan;Music;233402000;933600;1
31900000;19428308461;93311;Philippines;Entertainment;798510000;3200000;1
31800000;6762424690;6734;Mexico;Howto;31455000;125800;0
31700000;5711208484;929;India;Tech;109125000;436500;0
31700000;16476978876;6518;India;Music;112648000;450600;0
31700000;21031745531;166;United States;Entertainment;153280000;613100;1
31700000;2930015381;116;United States;Games;27022000;108100;0
31600000;11615848291;1321;United States;Entertainment;312099000;1200000;1
31600000;26583873105;204;United States;Music;105126000;420500;0
31400000;15176762479;0;Global;Entertainment;0;0;0
31400000;22919271731;3589;United Kingdom;Education;244925000;979700;1
31200000;9673649438;65;Venezuela;Comedy;3589;14;0
31200000;17111726160;8976;United States;Comedy;22511000;0;0
31200000;6187804950;3027;Argentina;Games;190679000;762700;1
30700000;16793072362;92;United States;Music;188837000;755300;1
30700000;12355992466;578;United States;Entertainment;102998000;412000;0
30700000;3145161634;67;India;Entertainment;31822000;127300;0
30500000;16709857823;180092;India;News;461472000;1800000;1
30500000;4521573939;641;Kuwait;Entertainment;157908000;631600;1
30400000;4332274962;2197;Indonesia;Entertainment;21440000;85800;0
30400000;14037426379;2725;United States;Music;45822000;183300;0
30400000;17999961915;532;United States;Entertainment;122926000;491700;0
30300000;13546549817;223;United States;Entertainment;22724000;90900;0
30200000;14199108016;15;United Kingdom;Music;137099000;548400;0
30200000;15199330166;2;United States;Entertainment;0;0;0
30200000;27684955537;3254;Jordan;Music;116434000;465700;0
30100000;7277493940;0;Global;Entertainment;0;0;0
30100000;19607009165;11501;Netherlands;Music;100040000;400200;0
30100000;22593193994;1349;United States;Education;107525000;430100;0
30100000;16246625836;5114;nan;Games;40425000;161700;0
30000000;12831200855;133;Canada;Music;88749000;355000;0
29800000;4457913639;151;India;Comedy;26171000;104700;0
29600000;17208027242;4903;United States;Music;81884000;327500;0
29300000;21226945136;14;Argentina;People;15;0;0
29200000;14727238483;1513;United States;Entertainment;180519000;0;0
29200000;11627437847;3654;Brazil;Games;303100000;1200000;1
29200000;4079141673;404;Spain;Comedy;12143000;48600;0
29000000;19466238065;42;nan;Entertainment;60805;243;0
28900000;17930570614;555;India;Education;109828000;439300;0
28500000;25857994495;0;Global;Music;0;0;0
28400000;9956764048;5809;United States;Entertainment;26435000;105700;0
28400000;10062770060;5436;India;Film;227355000;909400;1
28300000;13577142726;6;nan;Entertainment;2;0;0
28300000;14814192034;505;India;Education;288110000;1200000;1
28300000;23844936965;106983;Pakistan;Entertainment;684860000;2700000;1
28200000;7600740993;3009;India;Film;184966000;739900;1
28200000;14412474625;15;United States;Music;158591000;634400;1
28100000;15318895118;3;nan;Film;31;0;0
28000000;8603468420;3878;nan;Film;129211000;516800;0
27800000;2303069221;0;Singapore;Entertainment;0;0;0
27800000;21037851468;292;Australia;Music;127441000;509800;0
27700000;15777682516;619;Colombia;Music;173836000;695300;1
27500000;4552581106;27;United States;Music;649;0;0
27500000;13379395501;682;United States;Music;90450000;361800;0
27400000;19883150017;1753;South Korea;Music;307631000;1200000;1
27400000;10336420490;642;United States;Entertainment;175844000;703400;1
27400000;19417887510;3664;United Kingdom;Games;78668000;314700;0
27300000;22440611155;5438;United States;Entertainment;42546000;170200;0
27300000;7705492350;1259;India;Tech;102235000;408900;0
27100000;15916882228;2;nan;People;14;0;0
27100000;17318452893;889;India;Entertainment;429692000;1700000;1
27100000;12732444881;545;nan;Howto;502779000;2000000;1
27000000;6570935979;554;United States;Entertainment;144453000;577800;0
26900000;7938616641;3956;Brazil;Entertainment;82912000;331600;0
26700000;4388047013;241;United States;Entertainment;276187000;1100000;1
26700000;10317306313;975;Colombia;Comedy;24363000;97500;0
26700000;7173668905;6471;United States;Entertainment;118226000;472900;0
26500000;15065753455;10022;Philippines;News;163130000;652500;1
26500000;20358117330;6873;United States;Music;89098000;356400;0
26400000;8595760553;3622;India;Film;99677000;398700;0
26400000;27006526665;865;United States;Comedy;1046000000;4200000;1
26400000;17211600007;967;Italy;Entertainment;1225000000;4900000;1
26300000;4749833967;190;India;Entertainment;17264000;69100;0
26200000;31977463002;775;United States;Entertainment;487076000;1900000;1
26200000;16097531087;5985;Japan;Entertainment;721848000;2900000;1
26100000;10435474336;1619;United States;Comedy;68156000;272600;0
26100000;7886440199;0;Saudi Arabia;Music;0;0;0
26000000;14101010609;868;nan;People;606362000;2400000;1
26000000;17308961985;240;United States;Music;55454000;221800;0
26000000;18597534412;1;nan;Music;3;0;0
25900000;11372071889;65286;Indonesia;Entertainment;230183000;920700;1
25800000;15541421838;1762;Canada;Games;54947000;219800;0
25700000;17793809548;749;United States;Music;164215000;656900;1
25700000;7466926260;982;Mexico;People;30501000;122000;0
25700000;10242981063;42;United States;Music;103631000;414500;0
25600000;7962725960;0;Global;Entertainment;0;0;0
25600000;25592378292;287;United States;Music;318593000;1300000;1
25500000;2726917087;5;nan;Entertainment;20;0;0
25500000;14401218086;78;United States;Music;195499000;782000;1
25400000;6430853035;3716;Indonesia;Entertainment;58487000;233900;0
25400000;34300482066;8775;United States;Games;815341000;3300000;1
25300000;17331663193;398;United Kingdom;Music;198875000;795500;1
25200000;9602246828;4;nan;People;11;0;0
25200000;11081602368;2025;United States;Film;140319000;561300;0
25200000;7968363381;12;nan;People;2;0;0
25200000;15520569496;0;Global;Entertainment;0;0;0
25200000;10409352249;51129;India;News;273920000;1100000;1
25100000;19458807708;118;United States;Music;94246000;377000;0
25100000;16357064198;24837;Canada;Entertainment;49009000;196000;0
25000000;14169516119;89179;Indonesia;Entertainment;123189000;492800;0
25000000;14827085149;147;Colombia;Music;284144000;1100000;1
24800000;17387583720;1644;United Kingdom;Entertainment;331889000;1300000;1
24800000;2588501115;672;Mexico;Howto;336291;1300;0
24800000;3699352704;1894;United States;Entertainment;134412000;537600;0
24800000;14655527943;872;nan;People;400222000;1600000;1
24700000;20531704527;104;United States;Music;139443000;557800;0
24700000;2994726412;412;Australia;Howto;23263000;93100;0
24600000;23755792542;175;United States;Music;88940000;355800;0
24600000;3647987299;120;United States;Tech;88625000;354500;0
24500000;23962070944;18950;South Korea;Entertainment;105567000;422300;0
24400000;12385924995;658;United States;Entertainment;169865000;679500;1
24300000;2380248899;17;nan;People;5;0;0
24300000;6608773195;1667;India;Film;94853000;379400;0
24200000;2700914170;67;Mexico;Entertainment;33590000;134400;0
24200000;15724160183;469;United Arab Emirates;People;151208000;604800;1
24100000;329774870;36;United States;Education;328503000;1300000;1
24100000;10999000479;802;Argentina;Entertainment;401512000;1600000;1
24100000;12916159065;287;nan;Comedy;398765000;1600000;1
24100000;56106087508;23491;Turkey;Music;424815000;1700000;1
24100000;8425505919;252;United States;Music;63293000;253200;0
24100000;11041261296;590;United States;Entertainment;66884000;267500;0
24100000;6002166932;1252;United Kingdom;Music;5439000;21800;0
24000000;13943030228;901;Brazil;Comedy;761451000;3000000;1
24000000;5652938599;3;nan;People;3;0;0
24000000;8279004442;4009;United States;Entertainment;151697000;606800;1
23900000;4067878931;505;United States;Entertainment;58126000;232500;0
23900000;6582932625;257;United States;Entertainment;10853000;43400;0
23900000;7213499085;511;United States;Entertainment;177769000;711100;1
23800000;5663125358;70;nan;Entertainment;31633;127;0
23800000;10414479943;2425;United States;Howto;98052000;392200;0
23800000;17688774915;443;United States;Music;122914000;491700;0
23700000;2543809954;1732;United States;Games;8368000;33500;0
23700000;7451792132;0;Canada;Games;0;0;0
23700000;15510153803;1099;United Kingdom;Entertainment;32817000;131300;0
23700000;20289689389;769;United States;Animals;755054000;3000000;1
23600000;15901824841;392;nan;Music;77927000;311700;0
23600000;2135644776;226;Mexico;People;46862000;187400;0
23600000;5994002464;719;United States;Entertainment;10803000;43200;0
23600000;6766461070;552;United States;Entertainment;44542000;178200;0
23600000;7920637200;1251;United Kingdom;Film;53589000;214400;0
23500000;14777034543;6066;United Kingdom;Games;41669000;166700;0
23500000;14696994366;1044;United Kingdom;Entertainment;59629000;238500;0
23400000;9465863821;6672;India;Film;367347000;1500000;1
23400000;7926899136;1291;Brazil;Entertainment;28285000;113100;0
23300000;22471357411;3657;United States;Entertainment;124187000;496700;0
23200000;2634;1;United States;Entertainment;6589000000;0;0
23200000;15751661213;172;United States;Music;143169000;572700;0
23200000;7966720147;595;nan;Entertainment;321179000;1300000;1
23100000;12889240875;22578;India;Music;52678000;210700;0
23100000;25579831081;15462;Thailand;Music;130233000;520900;0
23100000;2551113422;4445;United States;Tech;13246000;53000;0
23100000;9299371231;456;India;Music;304021000;1200000;1
23100000;13151870846;3781;United States;Music;128448000;513800;0
23000000;31494513067;2905;Germany;Comedy;756717000;3000000;1
23000000;3378047383;5041;India;Tech;22262000;89000;0
23000000;6041264489;1598;Argentina;Entertainment;35539000;142200;0
23000000;10939966484;5718;India;Music;93183000;372700;0
22900000;5320485069;1670;India;Film;118846000;0;0
22900000;5380073627;0;United States;Games;0;0;0
22900000;16298342829;1159;Jordan;Music;169056000;676200;1
22900000;13206471140;1251;Mexico;Education;136821000;547300;0
22800000;17988347989;1841;nan;Entertainment;2033000000;8100000;1
22700000;10115316784;985;United States;Education;155215000;620900;1
22700000;11568118121;654;nan;Entertainment;96613000;386500;0
22600000;20847038152;60964;India;Entertainment;982238000;3900000;1
22600000;9223534599;495;India;Entertainment;399152000;1600000;1
22600000;14231943358;180;United States;Music;81660000;326600;0
22600000;17507060680;1189;Saudi Arabia;Entertainment;73829000;295300;0
22600000;13405849040;171;United States;Music;95253000;381000;0
22600000;27084848152;2321;United States;People;1174000000;4700000;1
22500000;2431154438;3377;India;Film;48740000;195000;0
22500000;10613701948;526;United States;Entertainment;65066000;260300;0
22500000;13835173331;3315;United States;Games;175094000;700400;1
22400000;8040036209;58;Argentina;Music;72242000;289000;0
22300000;8663830163;34;France;Music;735;3;0
22300000;24059336857;1724;United States;Games;132110000;528400;0
22200000;11136266461;999;United States;Entertainment;139333000;557300;0
22000000;9924807127;157;United States;Music;111500000;446000;0
22000000;8594440895;515;United States;Entertainment;183871000;735500;1
22000000;18347969186;6274;Japan;Entertainment;711254000;2800000;1
21900000;4454917643;301;United States;Entertainment;184946000;739800;1
21900000;5918314128;946;United States;People;234222000;936900;1
21900000;15552070846;816;United States;Comedy;687028000;2700000;1
21900000;20657571751;116;Mexico;Music;4719;19;0
21800000;4469711607;257;United States;People;197953000;791800;1
21800000;5614621131;10162;United States;Entertainment;45812000;183200;0
21800000;11288359365;164;United Kingdom;Music;128047000;512200;0
21800000;12140232004;266;United Kingdom;Music;51134000;204500;0
21800000;19329351143;135;nan;Music;10571;42;0
21800000;7780934187;1;Global;People;408;0;0
21700000;9392093496;1390;nan;People;265336000;1100000;1
21700000;8507818877;15126;United Arab Emirates;People;1598000000;6400000;1
21600000;9597894786;2942;Brazil;Entertainment;193174000;772700;1
21600000;5863377051;219;India;Howto;194604000;778400;1
21600000;9346383505;228;United States;Entertainment;63919000;255700;0
21500000;5890180734;51;United States;Music;113542000;454200;0
21500000;15013096899;158;Mexico;Entertainment;15459;62;0
21500000;22065582014;6;nan;Music;3;0;0
21500000;8409641722;17;Chile;People;49;0;0
21400000;1573058816;0;Germany;Entertainment;0;0;0
21400000;6264261757;114;India;Music;160690000;642800;1
21300000;6269945014;733;United States;People;160227000;640900;1
21300000;10644857969;78;United States;Music;103171000;412700;0
21300000;12761253839;951;India;People;729409000;2900000;1
21300000;5141834668;1608;United States;Entertainment;68350000;273400;0
21300000;10047736580;669;India;Entertainment;236293000;945200;1
21300000;12895427184;20225;India;Entertainment;561020000;2200000;1
21200000;2073073070;1;Global;People;0;0;0
21200000;11364908616;31989;Philippines;News;142317000;569300;0
21100000;5783557209;4728;United States;Howto;24691000;98800;0
21100000;4526271677;2325;Indonesia;Entertainment;26974000;107900;0
21000000;4380564906;403;United States;Entertainment;2476000;9900;0
21000000;7762905663;2883;Brazil;Entertainment;118410000;473600;0
21000000;10631638628;420;United States;Entertainment;80062000;320200;0
21000000;9789121606;498;United States;Entertainment;133362000;533400;0
20900000;1693149479;896;India;Education;28588000;114400;0
20900000;3828000587;6262;Brazil;Entertainment;52330000;209300;0
20900000;4927879069;982;United States;Animals;2989000;0;0
20900000;11058049885;9850;United States;People;383700000;1500000;1
20900000;17324976752;6;United States;Music;99;0;0
20800000;1870608170;288;Brazil;Comedy;23897000;95600;0
20800000;2378448129;193;Germany;Education;29269000;117100;0
20700000;17963202261;619;United States;Entertainment;874796000;3500000;1
20700000;5091618606;5062;United States;Howto;20012000;80000;0
20700000;5410164682;6;nan;Entertainment;125;1;0
20700000;8658941531;889;Russia;People;552266000;2200000;1
20700000;12624879732;47926;United States;Sports;73025000;292100;0
20600000;4956090094;15;Indonesia;Entertainment;85;0;0
20600000;7657171980;83;Argentina;Entertainment;193176000;772700;1
20600000;10292874715;156;Sweden;Music;81236000;324900;0
20500000;15038593883;33229;South Korea;Entertainment;158540000;634200;1
20500000;8768697257;1323;Australia;Games;26082000;104300;0
20500000;11009148579;296;United States;Entertainment;195203000;780800;1
20400000;1796227417;206;Brazil;Film;39495000;158000;0
20400000;7311322368;1006;United States;People;14646000;58600;0
20400000;13397000296;0;Afghanistan;Games;0;0;0
20400000;29406206620;51515;India;Entertainment;907534000;3600000;1
20400000;4707412332;462;Ukraine;Entertainment;28990000;116000;0
20400000;3579555124;239;India;Music;41289000;165200;0
20300000;2441288701;1245;United Kingdom;Entertainment;86457000;345800;0
20300000;11022391339;107;nan;Education;71777000;287100;0
20300000;11819051552;875;Indonesia;Education;112768000;451100;0
20200000;2951914200;460;Colombia;Entertainment;263864000;1100000;1
20200000;2764127969;693;United Arab Emirates;Entertainment;15556000;62200;0
20200000;7066711323;0;Global;Games;0;0;0
20200000;7274150246;226;India;Education;113420000;453700;0
20200000;20919403720;1935;Latvia;Comedy;1245000000;5000000;1
20200000;19694265358;761;United States;Comedy;452250000;1800000;1
20200000;6098644584;3713;Indonesia;Games;64489000;258000;0
20100000;23353115850;3774;United States;Games;221702000;886800;1
20100000;6618524158;241;United States;Music;25263000;101100;0
20100000;8920141342;4974;Brazil;Games;5420000;21700;0
20100000;10366850490;0;Global;Games;0;0;0
20100000;11317309935;1481;United States;Entertainment;14862000;59400;0
20100000;14816075927;2384;United States;Music;276751000;1100000;1
20100000;6119294270;5491;United States;Howto;105784000;423100;0
20100000;5634695322;1;United States;Film;63;0;0
20100000;17913237851;7737;United States;People;9112000;36400;0
20000000;13154314376;4339;United States;Entertainment;23206000;92800;0
20000000;559765455;1527;United States;Music;1331000;5300;0
20000000;3875172235;1527;United Kingdom;Entertainment;39228000;156900;0
20000000;6033295543;1;Canada;Entertainment;0;0;0
20000000;9715291883;1476;India;Entertainment;70278000;0;0
19900000;13917423958;416;Brazil;Music;214803000;859200;1
19800000;3234880084;1411;Germany;Tech;5650000;22600;0
19800000;5759442450;760;United States;Entertainment;6137000;24500;0
19800000;12293479945;9930;United States;News;16229;65;0
19700000;1803249241;250;United States;Comedy;3769000;15100;0
19700000;7452667615;2912;nan;Howto;29387000;117500;0
19700000;10955619815;1;United States;Games;0;0;0
19700000;11323617496;4225;United Kingdom;Entertainment;54192000;216800;0
19700000;9808676159;267;United Kingdom;Music;336;1;0
19600000;2851024430;17;United States;Games;23;0;0
19600000;13930021471;18661;United States;Entertainment;274212000;1100000;1
19600000;8779729549;1306;Turkey;Entertainment;110806000;443200;0
19600000;7906181776;214;United States;Entertainment;2304000000;9200000;1
19600000;3961318438;674;United States;Games;22292000;89200;0
19500000;5234251168;847;India;Entertainment;59841000;0;0
19400000;2255542592;4750;India;News;32111000;128400;0
19400000;1577859332;85;Mexico;People;2382000;9500;0
19400000;23038014291;125974;India;Entertainment;272917000;1100000;1
19400000;5529131886;10728;Switzerland;Sports;58863000;235500;0
19300000;264228052;335;India;Howto;37167000;148700;0
19300000;2897907132;462;nan;Entertainment;69614000;278500;0
19300000;4508184467;2175;nan;Tech;16718000;66900;0
19200000;4329121104;570;United States;Comedy;2730000;10900;0
19200000;7590582024;8285;India;Music;28678000;114700;0
19100000;13124645973;6526;United States;Comedy;17243000;69000;0
19100000;4566120190;139;United States;Comedy;30986000;123900;0
19100000;5194942269;2948;nan;Film;65920000;263700;0
19100000;6339584661;37;nan;Music;46192000;184800;0
19000000;4924054368;60;United States;Entertainment;21587000;86300;0
19000000;7229175322;903;Mexico;Howto;123338000;493400;0
19000000;8281724393;1525;India;Entertainment;105706000;422800;0
19000000;13824277846;1154;Brazil;Film;76903000;307600;0
19000000;16014044618;79;United Kingdom;Music;102410000;409600;0
19000000;15126092508;64496;South Korea;Entertainment;107989000;432000;0
18900000;2855519150;375;Russia;Entertainment;24563000;98300;0
18900000;8301731337;0;Global;Entertainment;0;0;0
18900000;9813245108;719;Mexico;Education;140398000;561600;0
18800000;3654621568;2072;United States;Education;29874000;119500;0
18800000;5257834105;312;United Kingdom;Entertainment;78158000;312600;0
18800000;7634430188;9;nan;Entertainment;7;0;0
18800000;7762077012;2;Global;Entertainment;0;0;0
18800000;9573641299;217;United States;Music;97758000;391000;0
18800000;9594188708;530;Ukraine;Entertainment;68006000;272000;0
18800000;3276891538;304;India;People;109026000;436100;0
18700000;12295637162;16;Spain;Music;102;0;0
18700000;6148303268;2;Global;People;1;0;0
18600000;6047584292;4487;India;Comedy;102431000;409700;0
18600000;7008250496;457;United States;Entertainment;43396000;173600;0
18600000;20196704276;6287;Thailand;Music;168597000;674400;1
18600000;8761255550;6289;Saudi Arabia;Games;43007000;172000;0
18500000;2908120896;1329;Brazil;Music;6148000000;0;0
18500000;3457618361;374;Russia;Games;38282000;153100;0
18500000;4558380251;712;nan;People;2835000;11300;0
18500000;8147575884;493;Russia;People;48947000;195800;0
18500000;4051072188;679;Indonesia;People;197369000;789500;1
18400000;4120324310;111;United States;Entertainment;14430000;57700;0
18400000;7038827526;6943;Spain;Games;11004000;44000;0
18400000;11544297793;3159;Thailand;Music;54133000;216500;0
18400000;11280732382;0;Global;Entertainment;0;0;0
18400000;25367126292;197;United States;Music;267126000;1100000;1
18300000;1606834186;786;Indonesia;Entertainment;17063000;68300;0
18300000;7760819588;142;United States;Entertainment;127982000;511900;0
18300000;1556003039;1324;United States;Games;140261000;561000;0
18300000;8798044678;0;Global;Entertainment;0;0;0
18200000;9937823152;442;nan;People;467848000;1900000;1
18200000;3213324455;6903;Brazil;Howto;18045000;72200;0
18100000;13378360425;420;United States;Entertainment;497044000;2000000;1
18100000;3306242674;1037;Indonesia;Entertainment;27312000;109200;0
18100000;9983065083;1521;France;Entertainment;48099000;192400;0
18100000;14857290259;707;United States;Education;180412000;721600;1
18100000;10703830496;131;South Korea;Music;64989000;260000;0
18100000;12249828886;0;Global;Entertainment;0;0;0
18000000;3980991248;2470;Brazil;Tech;54766000;219100;0
18000000;9601137077;650;Australia;Sports;391298000;1600000;1
18000000;15412333005;45;United States;Entertainment;4;0;0
18000000;10463166404;237;United States;Music;110776000;443100;0
18000000;17921124985;5692;United States;Music;257597000;1000000;1
18000000;6404852037;3566;Spain;Games;43830000;175300;0
18000000;8716982055;748;nan;Entertainment;1375000000;5500000;1
17900000;7176572299;536;United States;People;8650000;34600;0
17900000;3841205465;982;United States;Music;51687000;206700;0
17900000;5168721499;1344;Argentina;Games;27545000;110200;0
17900000;5244917119;185;United States;Entertainment;18548000;74200;0
17900000;6888074944;314;United States;Music;29182000;116700;0
17900000;9867515979;602;Vietnam;Entertainment;84467000;337900;0
17900000;9887116267;830;United States;Music;447891000;1800000;1
17900000;16174530046;1426;United States;Education;102621000;410500;0
17900000;6746269458;2;nan;People;4;0;0
17800000;11057945183;772;India;People;431390000;1700000;1
17800000;8588704539;26;United States;People;20708;83;0
17700000;19206701832;1646;South Korea;People;3404000000;13600000;1
17700000;7387621644;1888;South Korea;People;102803000;0;0
17700000;20115544708;178;United States;Music;97422000;389700;0
17700000;7912733203;512;India;People;346753000;1400000;1
17700000;3647267655;739;Indonesia;Entertainment;48174000;192700;0
17700000;4196061192;60;Global;Music;9243000;0;0
17700000;7739048000;2240;Brazil;Entertainment;35337000;141300;0
17700000;8396875537;211620;Ukraine;News;370779000;1500000;1
17700000;9059696049;1716;Malaysia;Entertainment;117727000;470900;0
17700000;17247584185;1316;Argentina;Music;640030000;2600000;1
17600000;9269174070;3151;Thailand;Games;55127000;220500;0
17600000;2274007523;233;Mexico;Comedy;27445000;109800;0
17600000;2977741577;128;China;Howto;22354000;89400;0
17600000;3752347262;0;Australia;Entertainment;0;0;0
17600000;6306204566;4702;Chile;Games;100215000;400900;0
17600000;3802280098;326;South Korea;Music;11099000;44400;0
17500000;2238134438;709;India;Entertainment;21056000;84200;0
17500000;7263619576;182742;India;News;394106000;1600000;1
17500000;7612385622;149;India;Entertainment;109847000;439400;0
17500000;16107116549;156215;United States;Games;98342000;393400;0
17400000;17763586483;4411;United States;Games;439870000;1800000;1
17400000;13043561912;118448;Thailand;News;235993000;944000;1
17400000;11144195464;2133;Iraq;Music;113003000;452000;0
17400000;16560557488;2078;nan;People;426389000;1700000;1
17300000;1026425106;180;United States;Tech;46484000;185900;0
17300000;902225615;287;India;Entertainment;837850;3400;0
17300000;11371738047;4778;India;Entertainment;331944000;1300000;1
17300000;3684816159;582;Australia;Howto;15525000;62100;0
17200000;14573155899;4685;nan;Games;15296000;61200;0
17200000;3606912471;1567;United States;Tech;52325000;209300;0
17200000;7337212581;138;Brazil;Music;72684000;290700;0
17200000;8903647480;83;Australia;People;25;0;0
17200000;11445492404;1007;Argentina;Education;83709000;334800;0
17200000;5024088947;7550;Spain;Games;15405000;61600;0
17100000;4448334716;498;Russia;Entertainment;37164000;148700;0
17100000;9710962528;148225;Indonesia;Entertainment;45811000;183200;0
17100000;2173106162;142;United States;Entertainment;1761000;7000;0
17000000;10847948832;1015;United Kingdom;Music;93768000;375100;0
17000000;1001465469;1407;India;Entertainment;7626000;30500;0
17000000;8229883114;1;Global;People;0;0;0
17000000;14543594822;97;United States;Music;49817000;199300;0
16900000;8684010451;2235;India;Music;72911000;291600;0
16900000;9111000228;1910;United States;Entertainment;10889000;43600;0
16900000;3827906874;366;United States;Entertainment;1635000;6500;0
16900000;4609753237;3900;United States;Entertainment;36357000;145400;0
16900000;9270331567;441;India;People;89782000;359100;0
16900000;9544277833;2337;United States;Entertainment;275264000;1100000;1
16900000;3523578665;4891;Brazil;Nonprofit;149543000;598200;1
16800000;2315962318;1;Global;Music;0;0;0
16800000;6518418501;0;Global;Entertainment;0;0;0
16800000;7206462713;41;Global;People;1;0;0
16800000;7195314800;502;Indonesia;Entertainment;42836000;171300;0
16800000;3693798804;1491;Brazil;Entertainment;44121000;176500;0
16700000;10393037902;3;nan;Entertainment;7;0;0
16700000;7102965621;1693;United States;Games;105114000;420500;0
16700000;8826138204;920;United States;Entertainment;45698000;182800;0
16700000;7979736581;13;United States;Music;37623;150;0
16700000;5089284369;8741;Mexico;People;16139000;64600;0
16600000;1318442641;180;Philippines;People;15079000;60300;0
16600000;2798273962;0;Mexico;Games;0;0;0
16600000;3696973456;216;Spain;Entertainment;65470;262;0
16600000;7435180827;112261;India;News;59201000;236800;0
16600000;9439857193;20102;India;Entertainment;154049000;616200;1
16600000;11946217860;8976;India;Music;89012000;356000;0
16600000;15278668857;2200;Germany;Entertainment;617257000;2500000;1
16600000;5819508534;413;United States;Entertainment;199033000;796100;1
16500000;2440934034;421;United States;Entertainment;21953000;87800;0
16500000;3037260680;438;United States;Entertainment;112986000;451900;0
16500000;7043235131;21243;India;News;131202000;524800;0
16500000;7406207930;735;United States;Entertainment;24378000;97500;0
16400000;3955426159;1091;United States;Entertainment;18028000;72100;0
16400000;4434679706;428;Thailand;Entertainment;9341000;37400;0
16400000;7135820721;14662;United States;Sports;133208000;532800;0
16400000;9463244435;56203;Thailand;Entertainment;87757000;351000;0
16400000;13478392540;1;Global;People;0;0;0
16400000;14431830557;1;Global;Entertainment;1;0;0
16400000;12844432341;23952;Thailand;Entertainment;181382000;725500;1
16300000;3527627264;54;United States;Entertainment;29735;119;0
16300000;6578828147;490;United States;Music;28787000;115100;0
16300000;6613422635;80;United States;Music;42704000;170800;0
16300000;7520242626;278;United Kingdom;Music;38604000;154400;0
16300000;10170264839;230;United Kingdom;Entertainment;85778000;343100;0
16300000;12475714382;352;United States;Music;88004000;352000;0
16300000;7141825267;1444;India;Music;151477000;605900;1
16300000;1656452554;989;United States;Games;17944000;71800;0
16300000;4768370464;652;United Kingdom;Entertainment;3079000;12300;0
16200000;10227242833;258;United States;Music;63441000;253800;0
16200000;8091706232;593;United States;Entertainment;25912000;103600;0
16200000;2990185467;1930;Brazil;People;33015000;132100;0
16200000;4076692623;1294;United Kingdom;Entertainment;27808000;111200;0
16200000;9763592867;3943;Vietnam;Film;256733000;1000000;1
16200000;14563841315;244899;Thailand;News;224756000;899000;1
16200000;20522339099;31889;Singapore;Entertainment;117209000;468800;0
16200000;14784781923;189;United States;People;37911;152;0
16200000;4488680903;10;Spain;Music;4;0;0
16200000;4813127504;2;nan;People;510;2;0
16100000;1517638132;2805;Indonesia;Games;9619000;38500;0
16100000;7399296005;510;United States;Entertainment;32011000;128000;0
16100000;2687443643;723;Brazil;Entertainment;13802000;55200;0
16100000;5055576881;1123;nan;Music;98720000;394900;0
16100000;6872702790;671;United States;Entertainment;399807000;1600000;1
16100000;7126210721;41;France;Entertainment;780;3;0
16100000;7155736006;667;Sweden;Sports;478528000;1900000;1
16100000;15812009296;4045;United States;Entertainment;267131000;1100000;1
16100000;9642146451;0;Mexico;Games;0;0;0
16000000;6543629679;453;nan;People;74062000;296200;0
16000000;3018032423;52144;India;Education;14287000;57100;0
16000000;3029872908;687;Mexico;Games;4698000;18800;0
16000000;9786595271;0;Global;Games;0;0;0
16000000;5997599089;344;Mexico;Film;112393000;449600;0
15900000;1845329502;0;Russia;Games;0;0;0
15900000;9962188084;2035;United States;Music;9915000;39700;0
15900000;2609358468;433;United States;Howto;2006000;8000;0
15900000;6534326412;4906;Argentina;Games;64085000;256300;0
15900000;9198986881;5105;Brazil;Music;136388000;545600;0
15900000;9052367553;796;United States;People;164895000;659600;1
15900000;6802382479;132;Colombia;Music;59890000;239600;0
15800000;1349288771;633;India;Education;24056000;96200;0
15800000;3392918989;20679;India;News;185969000;743900;1
15800000;4122634467;542;Indonesia;Comedy;71870000;287500;0
15800000;13116313599;10441;United States;Film;25738000;103000;0
15700000;9787697838;16874;India;Entertainment;51315000;205300;0
15700000;5914071870;79;India;Music;141842000;567400;0
15700000;6153495609;150;Singapore;People;939647;3800;0
15700000;6626563508;19703;India;Music;30744000;123000;0
15700000;5558051295;1640;India;Music;86450000;345800;0
15700000;8696631898;7090;United States;Entertainment;335111000;1300000;1
15600000;1511794214;483;Mexico;Entertainment;62551000;0;0
15600000;6862529416;6623;nan;Games;98660000;394600;0
15600000;7172386509;6542;Canada;Tech;88224000;352900;0
15600000;3869457097;2019;Brazil;Entertainment;56218000;224900;0
15600000;6165757696;4245;United States;Howto;27382000;109500;0
15500000;8984089026;598;Mexico;Education;90012000;360000;0
15500000;5070970714;0;Global;Entertainment;0;0;0
15500000;6386271870;220;Saudi Arabia;Music;90914000;363700;0
15500000;7776706184;359;India;Education;167888000;671600;1
15500000;8265129639;1021;Saudi Arabia;Film;135036000;540100;0
15500000;14619523361;325;Brazil;Music;163678000;654700;1
15500000;12880388253;0;United States;Entertainment;0;0;0
15500000;12714141740;1525;India;Entertainment;139123000;556500;0
15500000;6396049701;417;United States;Film;27375000;109500;0
15500000;4499826716;5183;Egypt;Howto;32916000;131700;0
15400000;1781226000;165;India;Comedy;27963000;111900;0
15400000;11513738907;379;United Arab Emirates;Entertainment;80172000;320700;0
15400000;1543608082;1647;United States;Games;55369000;221500;0
15400000;5469103954;1756;United States;People;1583000;6300;0
15400000;3736069980;1577;United Kingdom;Tech;167697000;670800;1
15400000;14564170905;1725;Thailand;Music;82798000;331200;0
15400000;4909687948;21;United States;Music;36790000;147200;0
15400000;4750420071;4186;Indonesia;Howto;19740000;79000;0
15300000;2656528205;10988;Spain;Sports;84867000;339500;0
15300000;10714145606;851;United States;Education;77053000;308200;0
15300000;1640078055;1397;India;Games;5920000;23700;0
15300000;9938811455;2175;Russia;People;475565000;1900000;1
15300000;16545966132;87864;India;Entertainment;361483000;1400000;1
15200000;857725714;194;India;Film;65380000;261500;0
15200000;4503880875;106;India;Comedy;98329000;393300;0
15200000;1491452935;443;Philippines;Entertainment;9980000;39900;0
15200000;6391679636;5056;India;Music;57809000;231200;0
15200000;7151683497;11099;India;Entertainment;210909000;843600;1
15200000;7564652648;9862;India;Music;105978000;423900;0
15200000;8333387785;654;Turkey;Entertainment;4427000;17700;0
15200000;14198154095;160405;United States;News;187006000;748000;1
15200000;6624168155;91704;India;News;49662000;198600;0
15100000;1777072487;210;United States;People;15984000;63900;0
15100000;1576633086;18;nan;Music;26053000;104200;0
15100000;2143140898;3810;Indonesia;Entertainment;17231000;68900;0
15100000;2400037562;159;Andorra;People;86;0;0
15100000;1760131384;533;Philippines;Entertainment;12376000;49500;0
15100000;3060202847;1037;United States;People;43409000;173600;0
15100000;2761547758;2618;United States;Entertainment;11956000;47800;0
15100000;4236036141;2997;Spain;Entertainment;5972000;23900;0
15100000;4967784343;1;Global;People;0;0;0
15100000;5324913850;753;Egypt;Entertainment;46060000;184200;0
15100000;6668507856;3733;Russia;Games;95603000;382400;0
15100000;7857371770;776;South Korea;Music;40806000;163200;0
15100000;9477021288;921;Argentina;Comedy;512343000;2000000;1
15100000;10489367372;209520;Philippines;News;181644000;726600;1
15100000;13897932103;2717;Russia;Entertainment;713509000;2900000;1
15100000;12413869881;52;United Kingdom;Music;84750000;339000;0
15000000;4352427049;2324;United Kingdom;Games;250995000;1000000;1
15000000;9924103188;899;India;People;113572000;454300;0
15000000;8897705695;795;Brazil;Education;145478000;581900;0
15000000;7159750970;1362;United States;Games;43133000;172500;0
15000000;2730879024;0;United States;Games;0;0;0
15000000;4008801873;724;Mexico;Entertainment;33880000;135500;0
15000000;4741434420;20292;United States;Games;41789000;167200;0
15000000;6889304306;5198;United States;Film;29724000;118900;0
15000000;7536093065;206;India;News;998;4;0
15000000;8658553456;965;India;Entertainment;102357000;409400;0
15000000;9978734160;2726;India;Music;242185000;968700;1
15000000;9996133066;68;Global;Film;0;0;0
15000000;10239836582;1803;United States;Comedy;312858000;1300000;1
15000000;11827310821;269050;Indonesia;News;113064000;452300;0
15000000;13562853889;1788;Japan;Comedy;282372000;1100000;1
15000000;11506702632;340;Brazil;Music;182871000;731500;1
15000000;8932038210;3168;India;Entertainment;130731000;522900;0
14900000;10069000444;419;United States;Music;119812000;479200;0
14900000;8074260978;66362;Indonesia;Entertainment;43581000;174300;0
14900000;4033400167;86;United States;Entertainment;11043000;44200;0
14900000;4395184343;127;United States;Music;56358000;225400;0
14900000;4977284539;8420;Spain;Games;13857000;55400;0
14900000;5549770244;27944;Thailand;Entertainment;49556000;198200;0
14900000;15913320995;1363;nan;People;346653000;1400000;1
14900000;439098;1;Russia;News;7697;31;0
14900000;5956193599;4175;Brazil;Games;39775000;159100;0
14900000;8615618825;93;Japan;Autos;2477;10;0
14800000;13356517783;1210;United States;Entertainment;61205000;244800;0
14800000;1833519700;1481;United States;Education;7177000;28700;0
14800000;3587576784;195;United States;Music;22980000;91900;0
14800000;5269059435;3834;Australia;Games;21072000;84300;0
14800000;7018015062;2387;Ukraine;Howto;47117000;188500;0
14800000;8649303688;233;United States;Music;51645000;206600;0
14800000;9076642765;318;Brazil;Music;88120000;352500;0
14800000;9383431376;0;Global;Entertainment;0;0;0
14800000;272678287;34;Germany;Games;37883;152;0
14800000;15788208522;2222;United States;People;1203000000;4800000;1
14800000;8866012877;3867;United States;Howto;53181000;212700;0
14700000;2230986039;1385;Saudi Arabia;Entertainment;2694000;10800;0
14700000;1321380490;85;United States;Entertainment;4781000;19100;0
14700000;1506796393;554;Spain;Entertainment;226420;906;0
14700000;2465473772;317;United States;Education;18978000;75900;0
14700000;4029253667;43564;India;Education;74483000;297900;0
14700000;6751985988;698;United States;Entertainment;36338000;145400;0
14700000;7255848125;4340;United States;Comedy;55583000;0;0
14700000;8882319696;1996;United States;Education;79402000;317600;0
14700000;12362331529;23490;India;Entertainment;347603000;1400000;1
14700000;12961669452;80830;United States;News;185709000;742800;1
14700000;4684983333;3978;Brazil;Entertainment;40975000;163900;0
14600000;2613197447;490;Ecuador;Entertainment;16409000;65600;0
14600000;3337074920;961;Spain;Games;60568000;242300;0
14600000;3603556207;1244;United States;Entertainment;92594000;370400;0
14600000;4622581344;951;Brazil;Entertainment;10547000;42200;0
14600000;5766647017;4009;United States;Entertainment;151697000;606800;1
14600000;6017932195;365;United States;Music;35528000;142100;0
14600000;11182302317;1206;Brazil;Music;109865000;439500;0
14600000;7952268926;67;United States;Music;37632000;150500;0
14600000;2750902766;603;Mexico;Music;50677000;202700;0
14600000;5525773746;560;India;Film;139116000;556500;0
14500000;2440718089;0;Brazil;Music;0;0;0
14500000;6944967581;479;United States;Entertainment;29941000;119800;0
14500000;4577292740;453;United States;Film;449576;1800;0
14500000;1739129375;514;India;Tech;23034000;92100;0
14500000;3551889957;5430;Brazil;Howto;2838000;11400;0
14500000;4260187928;1717;United States;Entertainment;9910000;39600;0
14500000;4598387043;18972;United Kingdom;News;66273000;265100;0
14500000;4821183481;605;United States;Music;149241000;597000;1
14500000;5014888374;618;South Korea;People;4960000;19800;0
14500000;6290721701;4790;India;Music;48447000;193800;0
14500000;8582696157;19201;United States;Entertainment;48285000;193100;0
14500000;9383692066;68606;Thailand;Entertainment;45622000;182500;0
14500000;10303519926;293516;India;News;418474000;1700000;1
14500000;20042571499;147;United States;Music;98185000;392700;0
14500000;4315486422;176;Morocco;Music;37577000;150300;0
14500000;9201428420;39;nan;Music;48193000;192800;0
14500000;3517662420;1064;Canada;Comedy;5329000;21300;0
14400000;600154268;364;South Korea;Entertainment;1370000;5500;0
14400000;2224121890;3086;India;Games;13891000;55600;0
14400000;1629801448;399;Peru;Entertainment;1002000;4000;0
14400000;351763324;2;nan;People;2;0;0
14400000;2972474215;381;Saudi Arabia;Entertainment;4673000;18700;0
14400000;3086254545;222;France;Comedy;11417000;45700;0
14400000;3900312631;463;United States;Entertainment;8636000;34500;0
14400000;4035738731;450;United States;Music;3557000;14200;0
14400000;4156427797;1838;India;People;70409000;281600;0
14400000;4597228794;1248;United States;Howto;26683000;106700;0
14400000;5689224452;0;United States;Games;0;0;0
14400000;6543282459;516;United States;Entertainment;40089000;160400;0
14400000;8011977288;5628;India;Entertainment;212639000;850600;1
14400000;9023952946;978;nan;Film;62689000;250800;0
14400000;11423792969;186;United States;Music;88657000;354600;0
14400000;18515587421;101401;India;Entertainment;149799000;599200;1
14300000;4776507159;576;United States;Entertainment;413774;1700;0
14300000;6388439235;1;United States;Entertainment;0;0;0
14200000;6048517979;1823;Philippines;Music;62658000;250600;0
14200000;4040297006;1281;Brazil;Entertainment;19029000;76100;0
14200000;6973932553;60;Ukraine;Entertainment;105;0;0
14200000;1778318927;876;Netherlands;Entertainment;35934000;143700;0
14200000;2084791147;342;United Kingdom;Games;54291000;217200;0
14200000;3920559552;1300;Mexico;Games;44575000;178300;0
14200000;6554000320;433;India;Education;141688000;566800;0
14200000;7946322061;0;Global;Games;0;0;0
14200000;9964116817;8;nan;Entertainment;7208;29;0
14200000;10238593147;872;India;Comedy;367898000;1500000;1
14200000;11428794827;132398;India;Entertainment;59927000;239700;0
14200000;3317805543;1724;United States;Entertainment;12902000;51600;0
14100000;2131548711;149;India;Music;25605000;102400;0
14100000;3594936775;846;nan;Entertainment;6942000;27800;0
14100000;3920221322;65;nan;Entertainment;20351;81;0
14100000;5129529846;3;Australia;People;147;1;0
14100000;5405563355;855;United Arab Emirates;Autos;353259000;1400000;1
14100000;6036496916;2854;Indonesia;Entertainment;176062000;704200;1
14100000;6884215292;43;United States;Music;135563000;542300;0
14100000;19013942981;182;United States;Music;98834000;395300;0
14100000;3280481927;777;United Kingdom;Sports;10222000;40900;0
14100000;4627069704;1540;Thailand;Entertainment;12502000;50000;0
14000000;4959982720;5757;Brazil;People;10210000;40800;0
14000000;2214167846;431;Sweden;Entertainment;13709000;54800;0
14000000;4674164601;651;Mexico;Entertainment;26783000;107100;0
14000000;7719743112;2210;Russia;Games;150570000;602300;1
14000000;8623705301;294;Spain;Music;201659000;806600;1
